{"f1_score": 0.773951589404612, "log_loss": 0.4138377503817847, "precision": 0.5057471264367817, "recall": 0.05304400241109102, "roc_auc_score": 0.7061217603855086}